project_id,month,direct_cost,fte_count,business_value
P-0001,1,9746.376557727268,1.0,0.0
P-0001,2,12174.671081032153,3.0,0.0
P-0001,3,10947.691000689752,2.0,0.0
P-0001,4,10769.353450449264,2.0,0.0
P-0001,5,5157.647365121784,0.0,321024.5963260418
P-0001,6,7171.63398937438,0.0,459196.33299410366
P-0001,7,5714.610276387538,0.0,566646.0038453556
P-0001,8,5424.915172777221,0.0,682474.5384437972
P-0002,1,21472.266470619827,3.0,0.0
P-0002,2,20015.722137138284,3.0,0.0
P-0002,3,20543.556431657238,3.0,0.0
P-0002,4,21358.795996099696,3.0,0.0
P-0002,5,16382.941742038767,3.0,0.0
P-0002,6,3155.1451078303658,0.0,74642.84910109866
P-0002,7,3064.3323866467686,0.0,108012.7294513299
P-0002,8,2962.791117990998,0.0,104101.30204057881
P-0002,9,3181.9782724663387,0.0,136586.29056872174
P-0002,10,4248.63103458698,0.0,162484.14057630862
P-0003,1,179087.18730166575,2.0,0.0
P-0003,2,20893.067081386176,1.0,3898952.600399481
P-0004,1,24955.861646238736,3.0,0.0
P-0004,2,20666.84304455088,3.0,0.0
P-0004,3,23500.586746929675,3.0,0.0
P-0004,4,19171.045785915954,3.0,0.0
P-0004,5,21057.60131264258,3.0,0.0
P-0004,6,19128.545636309602,3.0,0.0
P-0004,7,20711.484527485816,3.0,0.0
P-0004,8,23766.899824200435,2.0,0.0
P-0004,9,17114.735470380492,2.0,0.0
P-0004,10,22715.341821011945,2.0,0.0
P-0004,11,22205.766099415927,2.0,0.0
P-0004,12,20050.532456829296,3.0,0.0
P-0004,13,3018.439948631667,1.0,352279.05077117274
P-0004,14,4133.553696469008,1.0,692892.2269755322
P-0005,1,23775.01701016253,3.0,0.0
P-0005,2,25217.470668881862,4.0,0.0
P-0005,3,28403.121684843856,3.0,0.0
P-0005,4,30924.829114618668,4.0,0.0
P-0005,5,24052.435382328247,3.0,0.0
P-0005,6,20192.198666748198,4.0,0.0
P-0005,7,5501.648455346232,3.0,86228.62189939077
P-0005,8,9358.10755054536,2.0,134470.84211786237
P-0005,9,7621.4770940997005,3.0,196801.0271016814
P-0006,1,83390.48762403206,4.0,0.0
P-0006,2,95346.03857576786,3.0,0.0
P-0006,3,85560.39996307294,2.0,0.0
P-0006,4,77191.29323123871,2.0,0.0
P-0006,5,76622.95966834776,3.0,0.0
P-0006,6,92375.94647034699,4.0,0.0
P-0006,7,11838.742172836497,1.0,547947.0711130622
P-0006,8,9483.985836344187,1.0,867769.5996008313
P-0006,9,9021.646479613666,1.0,1318898.9506717038
P-0006,10,9692.786993480817,1.0,1532322.5848451406
P-0006,11,11385.59621622674,1.0,1664973.633655122
P-0006,12,9582.53499042248,1.0,1942620.7005462423
P-0006,13,8536.642375808146,1.0,2849402.8310104874
P-0007,1,121791.83029224101,3.0,0.0
P-0007,2,115730.44486434275,3.0,0.0
P-0007,3,126157.30313934441,3.0,0.0
P-0007,4,106695.01536668184,4.0,0.0
P-0007,5,99631.82437305764,3.0,0.0
P-0007,6,105790.28495809693,3.0,0.0
P-0007,7,111874.01980159173,2.0,0.0
P-0007,8,8199.085855660214,2.0,406539.2678611285
P-0007,9,6395.439917828682,2.0,628015.4375468815
P-0007,10,8075.954180196257,2.0,705310.0396344293
P-0007,11,8272.971763334675,2.0,876812.095479709
P-0007,12,11547.448381220976,2.0,912252.3190041477
P-0007,13,10631.108964173447,2.0,1261072.922996142
P-0007,14,6726.063224897109,1.0,1330359.9886697598
P-0007,15,7535.454413018164,2.0,1561122.8862497727
P-0007,16,5853.251184921797,2.0,1679686.2786066462
P-0007,17,7101.588269128899,2.0,1967686.8228455149
P-0008,1,94364.9047904126,5.0,0.0
P-0008,2,94036.01844432914,6.0,0.0
P-0008,3,99847.67899808502,4.0,0.0
P-0008,4,90667.86125133559,5.0,0.0
P-0008,5,18712.53391795512,1.0,177509.1650314947
P-0008,6,20392.746365650328,1.0,334522.76530121116
P-0008,7,17731.098427774206,1.0,546007.1604663609
P-0008,8,18340.64211658697,1.0,704505.7395795938
P-0008,9,17413.56475456951,0.0,1036161.4530834772
P-0009,1,196454.79248730993,1.0,0.0
P-0009,2,188380.9316036596,3.0,0.0
P-0009,3,13804.839919804082,0.0,171129.66339653157
P-0009,4,13428.859894753166,0.0,204526.87266003367
P-0009,5,14453.170148537132,0.0,143219.8437991681
P-0009,6,17792.749268348976,0.0,94167.27265119416
P-0010,1,76154.3007670616,5.0,0.0
P-0010,2,4985.028422149865,1.0,452751.48791236174
P-0010,3,5308.514194560682,2.0,1207420.1356238718
P-0010,4,4373.338004612518,1.0,1592450.745199955
P-0010,5,4675.303590724387,1.0,2547581.0494554285
P-0011,1,88553.52588301212,3.0,0.0
P-0011,2,102073.03280207631,4.0,0.0
P-0011,3,77224.55875507512,3.0,0.0
P-0011,4,112195.91145703252,3.0,0.0
P-0011,5,99527.56957678191,2.0,0.0
P-0011,6,104997.40456851012,3.0,0.0
P-0011,7,88784.10779223808,2.0,0.0
P-0011,8,104622.01492561246,3.0,0.0
P-0011,9,7472.774905407538,2.0,120775.14159910941
P-0011,10,6530.115356965777,2.0,195944.06328066604
P-0011,11,6531.833357763523,2.0,295174.16401067557
P-0011,12,6572.3810579864,1.0,310249.2623619005
P-0011,13,5293.431129077899,2.0,369808.07294228737
P-0011,14,6100.966502868295,2.0,469295.70724602323
P-0011,15,6095.332779928642,2.0,563448.8811856888
P-0011,16,6699.917050797269,3.0,594313.0782322007
P-0011,17,7395.331700546052,1.0,729886.7895950739
P-0012,1,20517.311764370847,5.0,0.0
P-0012,2,28571.512368746844,3.0,0.0
P-0012,3,26779.323525349908,3.0,0.0
P-0012,4,1742.706006446417,0.0,36202.40281279635
P-0012,5,1812.9850721954754,0.0,44770.06219018987
P-0012,6,1649.6610141169651,0.0,54797.71906893196
P-0012,7,1829.8413784175807,0.0,56917.12147860362
P-0012,8,1676.017690899321,0.0,68870.84525119918
P-0012,9,1763.1837793636512,0.0,71898.06214862314
P-0013,1,61431.72177743906,8.0,0.0
P-0013,2,61996.892141890734,9.0,0.0
P-0013,3,57737.45828768562,9.0,0.0
P-0013,4,61039.97974182293,8.0,0.0
P-0013,5,69642.06740877227,9.0,0.0
P-0013,6,64736.52645111839,8.0,0.0
P-0013,7,68853.31074931205,7.0,0.0
P-0013,8,69117.68989200992,8.0,0.0
P-0013,9,76738.61404742092,7.0,0.0
P-0013,10,63516.038383142426,7.0,0.0
P-0013,11,54501.41925621435,8.0,0.0
P-0013,12,74724.05158233058,8.0,0.0
P-0013,13,63605.844855294796,9.0,0.0
P-0013,14,21300.476476399763,4.0,1361305.43906416
P-0013,15,18965.410603011398,5.0,5842970.822840822
P-0013,16,17322.35754661979,5.0,6433934.688659256
P-0013,17,18854.914935711335,5.0,6253981.424810682
P-0013,18,23971.503715267976,5.0,6424327.627385396
P-0013,19,24373.770315479185,4.0,5849133.602458517
P-0013,20,17962.694629692916,5.0,5470008.9795232
P-0014,1,60116.364324513816,3.0,0.0
P-0014,2,55528.75257327208,3.0,0.0
P-0014,3,51362.24332241002,3.0,0.0
P-0014,4,56086.81992859132,3.0,0.0
P-0014,5,51219.115277942925,4.0,0.0
P-0014,6,59160.617432093844,2.0,0.0
P-0014,7,41499.94514075885,3.0,0.0
P-0014,8,51047.201251328224,5.0,0.0
P-0014,9,40482.50272647651,3.0,0.0
P-0014,10,43646.74086055812,4.0,0.0
P-0014,11,61894.43044666466,3.0,0.0
P-0014,12,58902.99739474733,3.0,0.0
P-0014,13,4968.006336079971,1.0,376018.221817313
P-0014,14,4163.621773656835,1.0,489942.8921192844
P-0014,15,2661.711469066004,1.0,482276.74266321113
P-0014,16,5148.792029507154,1.0,614842.8020157766
P-0014,17,8193.55979315616,1.0,714190.4638350504
P-0014,18,6153.862591735488,1.0,781856.8095793921
P-0015,1,68044.46588164807,8.0,0.0
P-0015,2,68837.69940703614,9.0,0.0
P-0015,3,71891.0693101032,8.0,0.0
P-0015,4,61684.981195179476,9.0,0.0
P-0015,5,76130.91456086795,8.0,0.0
P-0015,6,75758.82660043157,8.0,0.0
P-0015,7,73420.81241425108,9.0,0.0
P-0015,8,74865.04309887187,8.0,0.0
P-0015,9,72674.50928523781,7.0,0.0
P-0015,10,40662.74595475408,5.0,307564.41913681105
P-0015,11,29294.36548576325,5.0,310370.7854660726
P-0015,12,28115.89148717043,4.0,366200.84419942234
P-0015,13,25724.30391059603,5.0,528594.5107244141
P-0015,14,24231.129316776096,5.0,684511.2472579431
P-0015,15,23094.332145435226,5.0,787212.1486911403
P-0015,16,24999.66845734245,4.0,1148071.0615870047
P-0015,17,29382.293608848366,5.0,1497073.6688135774
P-0015,18,31551.733927240475,4.0,1694868.7624737062
P-0015,19,30034.892363193354,5.0,2268234.470020809
P-0015,20,25659.979077348387,5.0,2377170.4080563188
P-0015,21,34583.18478391092,5.0,3535708.502239337
P-0016,1,120072.89413844046,4.0,0.0
P-0016,2,91834.78223073899,4.0,0.0
P-0016,3,123906.1376858153,5.0,0.0
P-0016,4,108601.91719092224,6.0,0.0
P-0016,5,134534.68822276662,4.0,0.0
P-0016,6,7323.391406826439,1.0,80899.89553032244
P-0016,7,7309.975385842681,2.0,149763.09492420987
P-0016,8,9060.21025928164,0.0,182355.06755183294
P-0016,9,9389.81683342274,0.0,274040.88142916263
P-0016,10,8921.956205150194,1.0,302524.0937424698
P-0016,11,5751.096353759546,1.0,342973.5701116232
P-0016,12,9055.60759252471,1.0,466171.89499583945
P-0017,1,40409.66891541333,10.0,0.0
P-0017,2,36109.77746824844,11.0,0.0
P-0017,3,38831.44162142936,9.0,0.0
P-0017,4,40098.5460007998,9.0,0.0
P-0017,5,32206.5645518891,11.0,0.0
P-0017,6,32643.880944718214,12.0,0.0
P-0017,7,42837.57011894156,10.0,0.0
P-0017,8,37954.91364912606,9.0,0.0
P-0017,9,28031.890858934297,10.0,0.0
P-0017,10,44308.88614922361,10.0,0.0
P-0017,11,41818.567781335296,10.0,0.0
P-0017,12,37026.00924611476,9.0,0.0
P-0017,13,34096.00684402509,10.0,0.0
P-0017,14,44556.54001312971,10.0,0.0
P-0017,15,42192.648734782924,9.0,0.0
P-0017,16,52073.035205233515,10.0,0.0
P-0017,17,42536.878912982975,11.0,0.0
P-0017,18,42379.01902741252,10.0,0.0
P-0017,19,39683.84388449482,10.0,0.0
P-0017,20,44464.05573946765,10.0,0.0
P-0017,21,43532.55380120049,10.0,0.0
P-0017,22,46577.64831433348,9.0,0.0
P-0017,23,37961.6962927689,10.0,0.0
P-0017,24,38379.193951263085,10.0,0.0
P-0017,25,11622.533793863284,3.0,166961.0560544426
P-0017,26,14529.980058496352,2.0,838313.6051158491
P-0017,27,16149.967249637732,3.0,889984.483098256
P-0017,28,11668.925178871306,2.0,985074.518661941
P-0017,29,11746.9210117088,2.0,886803.6970294113
P-0017,30,13438.519691981446,2.0,829944.2784080982
P-0017,31,12156.769368246885,2.0,900415.6121122703
P-0017,32,14899.16623154324,2.0,980458.3211058486
P-0017,33,7563.9977728958,2.0,833913.7416931761
P-0017,34,10826.699568588452,2.0,838645.1166225112
P-0017,35,10928.09854251925,1.0,944955.2678568838
P-0018,1,88315.44572820769,4.0,0.0
P-0018,2,95727.09538687533,4.0,0.0
P-0018,3,2538.4833759471767,0.0,329506.0500170665
P-0018,4,2112.097578223799,0.0,874735.287646234
P-0018,5,2287.4611628398,0.0,1333229.1949054361
P-0018,6,1597.3820880606613,0.0,1889043.5129817198
P-0019,1,49955.61943844781,17.0,0.0
P-0019,2,46753.33957066947,17.0,0.0
P-0019,3,47298.83798623823,18.0,0.0
P-0019,4,46761.34216968328,19.0,0.0
P-0019,5,45217.71238938985,19.0,0.0
P-0019,6,34143.32438895214,18.0,0.0
P-0019,7,43877.09827666468,18.0,0.0
P-0019,8,40541.78979087519,17.0,0.0
P-0019,9,36769.449263851726,18.0,0.0
P-0019,10,52208.39953301175,18.0,0.0
P-0019,11,8731.987971975414,5.0,409677.0620811171
P-0019,12,8288.739152236862,6.0,2277320.0613537226
P-0019,13,6965.366224541374,6.0,2272100.4811246493
P-0019,14,8278.435754909688,5.0,2615522.4053019867
P-0019,15,6673.890155746201,5.0,2450268.5915309046
P-0019,16,6902.535020509968,5.0,2288779.5678748447
P-0019,17,5348.698360143715,5.0,2332197.670677266
P-0019,18,7135.315316419538,5.0,2294773.7834016792
P-0020,1,236755.04271965017,4.0,0.0
P-0020,2,21942.834563225475,2.0,1124611.7959323488
P-0021,1,60344.90008840979,4.0,0.0
P-0021,2,93060.12893600586,4.0,0.0
P-0021,3,105485.22492622946,4.0,0.0
P-0021,4,76816.25904153007,4.0,0.0
P-0021,5,84790.19073336292,4.0,0.0
P-0021,6,80812.83786880756,4.0,0.0
P-0021,7,79304.83735102053,4.0,0.0
P-0021,8,85361.01284075658,3.0,0.0
P-0021,9,104057.19259146173,4.0,0.0
P-0021,10,108427.02976843677,5.0,0.0
P-0021,11,85257.84686804662,3.0,0.0
P-0021,12,109148.47729382874,3.0,0.0
P-0021,13,89218.46559001965,3.0,0.0
P-0021,14,10566.454133943427,1.0,168121.28016188627
P-0021,15,7896.393481119993,1.0,190884.29707533546
P-0021,16,8220.729564662202,1.0,210751.99165060167
P-0021,17,8559.60891653817,1.0,288850.8574358787
P-0022,1,191607.99181447085,17.0,0.0
P-0022,2,158074.839013168,16.0,0.0
P-0022,3,116658.47091545789,16.0,0.0
P-0022,4,132616.13987371585,17.0,0.0
P-0022,5,150039.1160764899,17.0,0.0
P-0022,6,155546.4908381001,17.0,0.0
P-0022,7,158533.95677506528,17.0,0.0
P-0022,8,167475.32932612777,16.0,0.0
P-0022,9,160467.23028213295,17.0,0.0
P-0022,10,187694.9710170477,17.0,0.0
P-0022,11,153180.1991261427,17.0,0.0
P-0022,12,149453.3617927392,17.0,0.0
P-0022,13,176283.16564931493,16.0,0.0
P-0022,14,135983.90056862423,17.0,0.0
P-0022,15,174499.09440566425,17.0,0.0
P-0022,16,21285.694254701444,4.0,338132.74439948064
P-0022,17,20345.21542698825,4.0,640437.6203698103
P-0022,18,26874.954792525106,5.0,1058218.3105456203
P-0022,19,18559.15896383959,5.0,1703595.63430373
P-0022,20,28650.692549686864,5.0,2394382.178739433
P-0022,21,20051.822489594073,5.0,3596896.8042464056
P-0022,22,16095.780332468683,5.0,3619037.961721634
P-0022,23,21162.927280403415,5.0,5073671.945093656
P-0022,24,16851.07782244398,5.0,5560710.134602429
P-0022,25,18071.800410962107,5.0,6596964.952539215
P-0022,26,22393.522684350355,5.0,6593737.626779141
P-0022,27,22989.980121779958,5.0,7052317.756343311
P-0023,1,121283.47688587729,3.0,0.0
P-0023,2,120311.48477071228,3.0,0.0
P-0023,3,15598.911832930582,2.0,1164409.708274703
P-0023,4,17424.05453881844,2.0,1211916.406029334
P-0024,1,255061.1543247104,1.0,0.0
P-0024,2,290333.3930554101,2.0,0.0
P-0024,3,246978.4104600466,1.0,0.0
P-0024,4,23563.17468508019,1.0,1720516.6513683577
P-0024,5,28182.52497304907,0.0,2454213.3675532704
P-0025,1,99963.80627632745,14.0,0.0
P-0025,2,104102.39133021723,13.0,0.0
P-0025,3,117884.57965276654,12.0,0.0
P-0025,4,109590.45963794058,13.0,0.0
P-0025,5,114023.55508206852,13.0,0.0
P-0025,6,118360.06036030194,12.0,0.0
P-0025,7,104623.39365867796,13.0,0.0
P-0025,8,119492.84847323014,13.0,0.0
P-0025,9,114531.42473446018,13.0,0.0
P-0025,10,93318.09219965045,13.0,0.0
P-0025,11,128511.84023517717,12.0,0.0
P-0025,12,102968.25236674608,13.0,0.0
P-0025,13,87793.00570565948,13.0,0.0
P-0025,14,95812.82569834373,13.0,0.0
P-0025,15,8891.739377459004,3.0,397878.1763759488
P-0025,16,10996.217740571381,4.0,1189759.9106554738
P-0025,17,10356.91633353581,4.0,2149587.5542258825
P-0025,18,10233.41573528225,4.0,2172138.2327771476
P-0025,19,12109.086909977268,3.0,2015847.4834299823
P-0025,20,11560.37381428452,3.0,1904264.3699752737
P-0025,21,11513.650393777038,3.0,2060660.3085724541
P-0025,22,11697.545117318747,3.0,1899891.3237888573
P-0025,23,12102.091782231613,3.0,1983447.402182702
P-0025,24,6760.41682398561,3.0,2140161.8034225735
P-0025,25,10179.282462518622,3.0,1895153.735092292
P-0026,1,184353.52110777004,23.0,0.0
P-0026,2,197508.27782228417,22.0,0.0
P-0026,3,189156.39894641112,23.0,0.0
P-0026,4,190248.70221640723,22.0,0.0
P-0026,5,178561.03470141214,23.0,0.0
P-0026,6,156260.02377144105,23.0,0.0
P-0026,7,152981.36064024057,24.0,0.0
P-0026,8,202479.83220942665,22.0,0.0
P-0026,9,181526.90689874344,24.0,0.0
P-0026,10,174330.64253509152,23.0,0.0
P-0026,11,187952.979681136,23.0,0.0
P-0026,12,205672.241393239,23.0,0.0
P-0026,13,191825.18133677178,23.0,0.0
P-0026,14,172979.52614637546,23.0,0.0
P-0026,15,215391.3848320291,24.0,0.0
P-0026,16,223342.53398463692,23.0,0.0
P-0026,17,198904.37056027324,24.0,0.0
P-0026,18,209699.29978463732,23.0,0.0
P-0026,19,215744.38458230274,23.0,0.0
P-0026,20,52287.438726454144,8.0,143863.349552057
P-0026,21,48251.88406759444,8.0,233432.15640402134
P-0026,22,48128.689174957384,9.0,307364.75040291174
P-0026,23,47513.2948340187,8.0,472977.1707130342
P-0026,24,34867.00985120894,8.0,601219.0894978674
P-0026,25,48929.35637509526,8.0,930450.8017009249
P-0026,26,32845.50802700849,8.0,1189373.7466655043
P-0026,27,37234.677103159425,7.0,1416784.7537029383
P-0026,28,53644.086657189095,8.0,1790872.7872237542
P-0026,29,50020.34017321087,8.0,2085109.6670694652
P-0026,30,55081.81691830902,9.0,2310495.933939122
P-0026,31,41324.39055008053,9.0,2916338.38516873
P-0026,32,34437.558388223566,8.0,2676627.678204265
P-0026,33,41568.69159650019,9.0,2745726.2973746713
P-0026,34,44247.082981482534,8.0,2389613.470675142
P-0027,1,67646.43755052076,6.0,0.0
P-0027,2,61089.855209686204,7.0,0.0
P-0027,3,70988.45637052091,5.0,0.0
P-0027,4,66372.80004675798,5.0,0.0
P-0027,5,65513.86834644442,6.0,0.0
P-0027,6,77081.34145328542,6.0,0.0
P-0027,7,46238.50037030857,6.0,0.0
P-0027,8,11966.94501505104,1.0,571553.2606757275
P-0027,9,12633.892277194725,1.0,1322100.4212693102
P-0027,10,15016.394150167782,1.0,1825985.88714842
P-0027,11,15330.622918177312,1.0,2018261.808475685
P-0027,12,11707.697074804642,1.0,2503080.9855288076
P-0027,13,13217.833703248623,1.0,2786964.610104682
P-0028,1,218604.93098195197,1.0,0.0
P-0028,2,251918.79059439208,3.0,0.0
P-0028,3,34582.94148487761,0.0,533505.2435353203
P-0028,4,36029.13464210651,0.0,558102.2838834522
P-0028,5,31625.439745760123,0.0,418249.19471116643
P-0029,1,38067.803112332345,9.0,0.0
P-0029,2,32670.393783425898,9.0,0.0
P-0029,3,37932.24859272856,9.0,0.0
P-0029,4,34465.41059028205,9.0,0.0
P-0029,5,35929.965177793296,8.0,0.0
P-0029,6,29294.683850166664,10.0,0.0
P-0029,7,34910.67143710515,9.0,0.0
P-0029,8,11516.939949937841,3.0,201335.9044868741
P-0029,9,9124.654001893867,3.0,249082.07161157267
P-0029,10,11206.901506050222,3.0,365262.2745145862
P-0029,11,11219.083918726114,3.0,542841.0840856598
P-0029,12,9174.309365286845,2.0,845786.0196524565
P-0029,13,8123.798757648915,2.0,1162416.4575191136
P-0029,14,8011.346825603015,2.0,1310065.3841235042
P-0029,15,10339.988738349506,2.0,2111416.277253503
P-0029,16,10780.751783692984,3.0,2264172.057969694
P-0030,1,64846.325958477886,5.0,0.0
P-0030,2,64330.13983546816,5.0,0.0
P-0030,3,58689.528271484814,5.0,0.0
P-0030,4,70417.1274765624,5.0,0.0
P-0030,5,70324.50109796438,5.0,0.0
P-0030,6,5129.206168348751,3.0,265778.61834874284
P-0030,7,5916.141043990262,2.0,454598.4462826063
P-0030,8,5843.053166274066,2.0,779129.3128601742
P-0030,9,4321.344084894765,2.0,928205.4081228569
P-0030,10,4945.2767698723155,2.0,1094754.3768779398
P-0030,11,4113.930681326286,2.0,1453073.4505071281
P-0031,1,89121.7628327144,5.0,0.0
P-0031,2,101445.37808970467,5.0,0.0
P-0031,3,75585.92732228404,5.0,0.0
P-0031,4,108228.5768707599,4.0,0.0
P-0031,5,11312.352919919605,2.0,349175.91833668895
P-0031,6,9510.530789241955,2.0,872937.600561387
P-0031,7,5512.99590705816,1.0,1219708.5368652248
P-0031,8,8174.228785964445,2.0,1911389.7635020402
P-0031,9,12171.252033375305,2.0,2123515.2314312947
P-0032,1,53926.053369312925,6.0,0.0
P-0032,2,47989.57247066949,5.0,0.0
P-0032,3,44880.999040099,6.0,0.0
P-0032,4,65426.73844768098,7.0,0.0
P-0032,5,53236.64939815807,6.0,0.0
P-0032,6,46725.87339113772,5.0,0.0
P-0032,7,56857.93910681707,6.0,0.0
P-0032,8,50556.49933490183,6.0,0.0
P-0032,9,49672.910130758355,5.0,0.0
P-0032,10,54683.903050265624,5.0,0.0
P-0032,11,43285.867032878676,7.0,0.0
P-0032,12,19356.127392971794,2.0,105630.98492852584
P-0032,13,24468.003769135346,2.0,151575.24030485074
P-0032,14,19728.136388881194,3.0,193228.9830999263
P-0032,15,16968.336245814065,2.0,303989.60438180406
P-0032,16,16539.5098020239,2.0,390524.77944254386
P-0032,17,16856.528026979468,3.0,665631.5749270205
P-0032,18,17368.844414669136,2.0,893420.142328751
P-0032,19,16963.112648032507,2.0,1143053.8457174082
P-0032,20,21202.8447928923,2.0,1185516.1971857133
P-0033,1,270781.92401342257,24.0,0.0
P-0033,2,242253.01931397055,21.0,0.0
P-0033,3,323322.9407277207,23.0,0.0
P-0033,4,207080.9873947567,23.0,0.0
P-0033,5,293669.2855349069,22.0,0.0
P-0033,6,296943.51470140263,23.0,0.0
P-0033,7,228989.9104352285,24.0,0.0
P-0033,8,323308.9148228665,22.0,0.0
P-0033,9,285544.26534804015,23.0,0.0
P-0033,10,284798.90156620956,22.0,0.0
P-0033,11,255931.21036274452,23.0,0.0
P-0033,12,248424.44836882298,24.0,0.0
P-0033,13,248663.7276370701,23.0,0.0
P-0033,14,267027.164329932,23.0,0.0
P-0033,15,297962.1401820579,22.0,0.0
P-0033,16,260623.2982538976,24.0,0.0
P-0033,17,227175.2722491184,23.0,0.0
P-0033,18,280308.2223428175,23.0,0.0
P-0033,19,283268.8199946097,23.0,0.0
P-0033,20,275111.83877378376,22.0,0.0
P-0033,21,44863.338410627526,6.0,497555.72806986916
P-0033,22,37626.40522891454,6.0,1210856.0072649373
P-0033,23,32941.02833299578,6.0,2012972.8463769464
P-0033,24,33373.89234273879,6.0,3846754.526099909
P-0033,25,27910.951862516013,6.0,5178781.609553473
P-0033,26,41242.47397916292,6.0,8826262.244644456
P-0033,27,38961.25314000549,6.0,9418344.690319106
P-0033,28,36422.70560336029,6.0,10787556.639651002
P-0033,29,18511.47964526606,6.0,13166994.52404598
P-0034,1,116336.2709848091,7.0,0.0
P-0034,2,104501.61652128614,6.0,0.0
P-0034,3,87945.15086446678,7.0,0.0
P-0034,4,5426.132654184749,2.0,259653.771332338
P-0034,5,5339.633634435576,2.0,425856.56409574393
P-0034,6,4899.254669596604,2.0,767897.8688247974
P-0034,7,7327.076511965744,2.0,1026189.6171268492
P-0034,8,8640.584287057312,2.0,1517591.2231823846
P-0035,1,150857.7332995029,13.0,0.0
P-0035,2,166571.48832891826,11.0,0.0
P-0035,3,131639.92372255147,12.0,0.0
P-0035,4,190946.3701987369,12.0,0.0
P-0035,5,192024.766559313,12.0,0.0
P-0035,6,186458.99401111822,12.0,0.0
P-0035,7,221901.67647245558,12.0,0.0
P-0035,8,224722.31974808025,11.0,0.0
P-0035,9,192449.03204638092,12.0,0.0
P-0035,10,146138.70568210288,11.0,0.0
P-0035,11,211019.0862957132,12.0,0.0
P-0035,12,209559.23272770765,11.0,0.0
P-0035,13,203760.2924266821,12.0,0.0
P-0035,14,219605.39746584112,11.0,0.0
P-0035,15,169004.19018745222,12.0,0.0
P-0035,16,243824.37776548447,12.0,0.0
P-0035,17,173846.69466221036,13.0,0.0
P-0035,18,214129.72648022918,12.0,0.0
P-0035,19,38105.278860941675,5.0,286822.8260094709
P-0035,20,45563.21807818872,5.0,437186.03405689506
P-0035,21,69664.72678947107,4.0,592708.168264602
P-0035,22,52157.05577468799,5.0,919336.1647156028
P-0035,23,63001.13321473161,6.0,1293686.680365515
P-0035,24,57061.37124995971,5.0,2006456.9261130283
P-0035,25,53693.21952813901,5.0,2664068.9769544085
P-0035,26,68162.28602311692,5.0,3134505.9914315827
P-0035,27,52395.851112248165,5.0,3720431.1591077084
P-0035,28,37185.30044618993,4.0,4503038.162589039
P-0035,29,46814.52302367182,4.0,4644619.771944557
P-0035,30,60156.87795309153,5.0,4881866.73635794
P-0035,31,58623.2660193508,5.0,5249973.542184223
P-0035,32,39290.2365930408,6.0,5593390.315473278
P-0035,33,47591.734102068694,5.0,5479786.236563895
P-0036,1,53603.34287468616,7.0,0.0
P-0036,2,47826.25262203756,8.0,0.0
P-0036,3,74076.10610652178,6.0,0.0
P-0036,4,58681.59530686332,7.0,0.0
P-0036,5,22932.393937002053,5.0,625356.8287631612
P-0036,6,18746.51551758981,5.0,1022088.9859904556
P-0036,7,18640.723788979376,5.0,2179040.516043375
P-0036,8,24199.02026490504,5.0,4098152.0179010965
P-0036,9,21700.12462609695,5.0,7519811.413053285
P-0037,1,13981.351493999335,4.0,0.0
P-0037,2,1912.1084910819277,0.0,292300.107600592
P-0037,3,1954.1373620423328,0.0,644445.2489171508
P-0038,1,24470.527732718147,12.0,0.0
P-0038,2,31510.355356218686,10.0,0.0
P-0038,3,21107.835576238296,12.0,0.0
P-0038,4,32028.65384105805,11.0,0.0
P-0038,5,24395.675683621725,12.0,0.0
P-0038,6,29907.124025102905,10.0,0.0
P-0038,7,29291.54060717058,11.0,0.0
P-0038,8,26708.247948458808,3.0,137188.4972842746
P-0038,9,21353.990749165605,3.0,194734.4658889001
P-0038,10,19306.783846377817,3.0,244788.51953423303
P-0038,11,20051.56966017043,3.0,471714.1052306807
P-0038,12,27118.67401775575,2.0,675914.1553920736
P-0038,13,24193.37408297647,3.0,1139898.7465640397
P-0038,14,20532.004490559102,3.0,1194021.923062523
P-0038,15,21124.476763511124,3.0,1711222.6086183267
P-0039,1,121704.60973472206,6.0,0.0
P-0039,2,4552.742591146212,1.0,384588.85679313866
P-0039,3,3714.080271491614,1.0,1203618.537180103
P-0039,4,4056.619231841924,0.0,2091274.745488548
P-0040,1,91069.0164803469,1.0,0.0
P-0040,2,81945.18280493228,0.0,0.0
P-0040,3,36909.6777890288,2.0,257760.68248372886
P-0040,4,17769.533311256142,2.0,350850.32915083115
P-0041,1,52070.066049143774,3.0,0.0
P-0041,2,45658.47565424688,4.0,0.0
P-0041,3,48198.4336265252,4.0,0.0
P-0041,4,51919.81041128394,3.0,0.0
P-0041,5,51699.00301917517,4.0,0.0
P-0041,6,50906.03158130316,4.0,0.0
P-0041,7,51276.83308793623,4.0,0.0
P-0041,8,50143.26101789672,4.0,0.0
P-0041,9,42561.49407855881,3.0,0.0
P-0041,10,48277.249952961836,5.0,0.0
P-0041,11,57116.03981471806,3.0,0.0
P-0041,12,8053.486555423154,1.0,1068004.201623196
P-0041,13,10320.68919889863,2.0,1538493.921301385
P-0041,14,9108.597893543976,1.0,2367377.7436453076
P-0042,1,36356.448978315,4.0,0.0
P-0042,2,31595.22534072936,4.0,0.0
P-0042,3,40735.762579574206,4.0,0.0
P-0042,4,32922.522503224056,5.0,0.0
P-0042,5,49470.50155645804,4.0,0.0
P-0042,6,34993.03447479197,5.0,0.0
P-0042,7,37316.75260005772,5.0,0.0
P-0042,8,12633.946439949586,2.0,243565.86009351313
P-0042,9,21534.89360757557,2.0,386953.0367960588
P-0042,10,19795.319114947964,2.0,512681.7119657063
P-0042,11,17355.88965730725,2.0,526663.7191903279
P-0042,12,12481.334373083666,2.0,736635.8334062462
P-0042,13,17100.112585242186,2.0,996898.4025848673
P-0042,14,13149.688415150757,2.0,1196069.806171793
P-0043,1,115739.99791810152,17.0,0.0
P-0043,2,108748.76290293071,17.0,0.0
P-0043,3,90286.19280327039,17.0,0.0
P-0043,4,109102.89691685686,17.0,0.0
P-0043,5,111364.81263112467,17.0,0.0
P-0043,6,119823.1232805841,17.0,0.0
P-0043,7,90328.98184074981,17.0,0.0
P-0043,8,98198.22514508657,17.0,0.0
P-0043,9,109992.92818234356,17.0,0.0
P-0043,10,101636.66381706564,17.0,0.0
P-0043,11,87407.12392602439,16.0,0.0
P-0043,12,105963.48518348004,17.0,0.0
P-0043,13,107950.5584571169,17.0,0.0
P-0043,14,102006.74868827383,17.0,0.0
P-0043,15,15619.455616276178,5.0,375576.11490401835
P-0043,16,14325.869357124135,4.0,541267.4029913321
P-0043,17,19023.721756567582,4.0,913146.1680192136
P-0043,18,12589.55207300703,5.0,1339214.867022619
P-0043,19,13437.096996901633,5.0,2131544.7158237137
P-0043,20,15055.277256829262,5.0,2947519.281669086
P-0043,21,17402.78650339818,5.0,3552466.966971219
P-0043,22,10975.76757517039,5.0,4618519.752371876
P-0043,23,11481.734807122139,5.0,5957611.175656582
P-0043,24,9514.321530953826,5.0,6342715.9538092455
P-0043,25,15113.993383260493,5.0,5884356.143131611
P-0043,26,12000.993837927688,4.0,7315283.151435632
P-0043,27,13985.510878834972,5.0,6542907.371104927
P-0044,1,62888.97510539476,16.0,0.0
P-0044,2,56425.76251707073,16.0,0.0
P-0044,3,51946.79839425297,15.0,0.0
P-0044,4,55677.06567427491,15.0,0.0
P-0044,5,67314.40203961368,15.0,0.0
P-0044,6,63962.025793753,16.0,0.0
P-0044,7,58715.78802405354,17.0,0.0
P-0044,8,64077.750003020046,17.0,0.0
P-0044,9,51337.14479206516,15.0,0.0
P-0044,10,59878.150754252805,16.0,0.0
P-0044,11,60700.92997387576,17.0,0.0
P-0044,12,56283.569223359744,16.0,0.0
P-0044,13,62763.28507758084,16.0,0.0
P-0044,14,54060.44824952699,15.0,0.0
P-0044,15,63295.53933991521,16.0,0.0
P-0044,16,63596.429939108675,15.0,0.0
P-0044,17,38766.66834587149,16.0,0.0
P-0044,18,68166.16181437114,15.0,0.0
P-0044,19,37832.800304444456,16.0,0.0
P-0044,20,16500.625613232074,2.0,452282.73494728643
P-0044,21,21983.780297238907,2.0,2054751.435629147
P-0044,22,17498.653419191807,2.0,2165466.2617747374
P-0044,23,13660.707989719527,1.0,2086582.4778654913
P-0044,24,14904.888995265474,2.0,2428831.8545789006
P-0044,25,21988.983898733604,2.0,2404518.979352776
P-0044,26,12139.697570766917,1.0,1959030.6510354364
P-0045,1,133139.43037797342,5.0,0.0
P-0045,2,108087.26690814478,6.0,0.0
P-0045,3,110521.68057216582,5.0,0.0
P-0045,4,84474.70046438884,5.0,0.0
P-0045,5,4434.023409162588,0.0,180036.1140777455
P-0045,6,5220.368827695299,0.0,351237.1485705528
P-0045,7,4098.806361617542,0.0,560038.50393246
P-0045,8,5847.0457807195135,0.0,699264.4797055535
P-0045,9,3937.6343251070703,0.0,901320.9395816047
P-0046,1,61790.38223672234,15.0,0.0
P-0046,2,55960.532639207886,16.0,0.0
P-0046,3,57981.62454075408,14.0,0.0
P-0046,4,57395.694256188435,15.0,0.0
P-0046,5,54768.333563030414,14.0,0.0
P-0046,6,51849.21975959888,15.0,0.0
P-0046,7,70090.11348752887,16.0,0.0
P-0046,8,52373.33202039697,15.0,0.0
P-0046,9,50951.74691994386,15.0,0.0
P-0046,10,58260.71537872253,15.0,0.0
P-0046,11,57050.256953696895,15.0,0.0
P-0046,12,46041.51950585784,15.0,0.0
P-0046,13,13963.57957815415,4.0,711369.01089868
P-0046,14,11419.209153258493,4.0,2102518.328830193
P-0046,15,9293.305552274021,4.0,3326565.082686105
P-0046,16,14101.80091930623,4.0,3675568.410919834
P-0046,17,12924.392165509485,4.0,3645997.3433445706
P-0046,18,8972.119136587073,3.0,3516212.2673970046
P-0046,19,15332.089146171435,4.0,3290127.5281239366
P-0046,20,12993.646830458334,4.0,3548593.6350886053
P-0046,21,11594.842293722388,4.0,3492476.4761987347
P-0047,1,70245.47717376956,5.0,0.0
P-0047,2,80059.0318460135,5.0,0.0
P-0047,3,59126.97559683505,5.0,0.0
P-0047,4,9743.359139934535,2.0,237318.90896817076
P-0047,5,10641.11240502529,2.0,553479.2274351516
P-0047,6,14501.630757479212,2.0,705589.5205841698
P-0047,7,14122.48011234445,2.0,1139672.945433169
P-0047,8,13199.409335126626,2.0,1601738.9346497054
P-0048,1,27302.66773709716,1.0,0.0
P-0048,2,29154.523763748966,1.0,0.0
P-0048,3,26764.352757033073,1.0,0.0
P-0048,4,4271.462133874555,1.0,746851.1711878919
P-0048,5,3399.078441375641,1.0,1737326.334807087
P-0049,1,96215.06739166379,10.0,0.0
P-0049,2,72016.84069545707,11.0,0.0
P-0049,3,74479.33241005604,12.0,0.0
P-0049,4,84457.84029337465,11.0,0.0
P-0049,5,86227.79126690172,11.0,0.0
P-0049,6,87274.41194405242,11.0,0.0
P-0049,7,91375.32306790231,11.0,0.0
P-0049,8,84331.24471822813,11.0,0.0
P-0049,9,87205.6267549232,11.0,0.0
P-0049,10,79806.37128480441,11.0,0.0
P-0049,11,82988.17456413026,11.0,0.0
P-0049,12,83431.34197143395,11.0,0.0
P-0049,13,84494.52714322235,11.0,0.0
P-0049,14,90004.39999364757,11.0,0.0
P-0049,15,11092.883667815751,5.0,103653.89778233206
P-0049,16,10165.38415852679,5.0,548288.707327339
P-0049,17,8616.292798147808,4.0,500279.7907201428
P-0049,18,10207.961158108526,6.0,519403.1079706879
P-0049,19,10034.254838560666,5.0,545075.4726009665
P-0049,20,10435.802668301196,4.0,570615.7899450782
P-0049,21,14090.667614652748,5.0,548075.1742915427
P-0049,22,9134.300437501171,5.0,588265.3468739148
P-0049,23,10851.706191144764,5.0,530372.2015882429
P-0049,24,12024.717630171255,5.0,520230.6746384697
P-0050,1,106420.30322005981,14.0,0.0
P-0050,2,111869.23498328574,13.0,0.0
P-0050,3,112208.10065870534,13.0,0.0
P-0050,4,113417.34551622336,14.0,0.0
P-0050,5,101024.96958424857,14.0,0.0
P-0050,6,132685.07860871695,14.0,0.0
P-0050,7,108739.49296894963,14.0,0.0
P-0050,8,82126.06659141426,14.0,0.0
P-0050,9,93042.31176267867,14.0,0.0
P-0050,10,83674.2224963399,14.0,0.0
P-0050,11,105984.16955921249,13.0,0.0
P-0050,12,104218.24833461898,15.0,0.0
P-0050,13,99819.04539207117,14.0,0.0
P-0050,14,131286.23386612805,14.0,0.0
P-0050,15,112731.68939704924,15.0,0.0
P-0050,16,114979.58596403696,16.0,0.0
P-0050,17,93947.25860251651,13.0,0.0
P-0050,18,14138.238295344572,3.0,824042.5245278054
P-0050,19,17352.723240045783,3.0,4245149.421321151
P-0050,20,17775.347843553733,3.0,4337354.273053623
P-0050,21,11478.507289048806,3.0,4514417.16661906
P-0050,22,16679.03756981327,3.0,4678414.761715927
P-0050,23,17282.18296623816,3.0,4204676.268187341
P-0050,24,16570.92472493435,3.0,4148935.515520293
P-0051,1,120955.68315496566,3.0,0.0
P-0051,2,127062.59897219684,3.0,0.0
P-0051,3,149966.81410642358,3.0,0.0
P-0051,4,122757.24717604058,2.0,0.0
P-0051,5,12912.56290728211,3.0,489598.7702322656
P-0051,6,9572.232044793851,3.0,877664.2789046817
P-0051,7,9124.730449854664,3.0,1184754.468592466
P-0051,8,15259.1258961723,3.0,1629118.0118421882
P-0051,9,9901.599226963826,3.0,2265640.2442055815
P-0051,10,9644.09283161933,3.0,2297334.32277723
P-0052,1,72171.13441101534,3.0,0.0
P-0052,2,69332.6487402772,3.0,0.0
P-0052,3,75062.61478550253,2.0,0.0
P-0052,4,77718.53988275387,4.0,0.0
P-0052,5,76177.28172830814,2.0,0.0
P-0052,6,69168.26937547248,3.0,0.0
P-0052,7,55264.32838100013,3.0,0.0
P-0052,8,67113.37310964515,4.0,0.0
P-0052,9,3781.7713638428727,3.0,1106947.236349753
P-0052,10,2827.5677243356554,2.0,1563640.9814308567
P-0052,11,3917.862780607027,3.0,1558038.695165992
P-0053,1,60930.059565289936,5.0,0.0
P-0053,2,71751.29069350127,5.0,0.0
P-0053,3,49891.91960422597,6.0,0.0
P-0053,4,51488.03041753732,6.0,0.0
P-0053,5,52812.29293741476,4.0,0.0
P-0053,6,14850.907671339944,4.0,179443.98166148353
P-0053,7,13678.7494704251,4.0,350577.4942241081
P-0053,8,8188.365984507293,4.0,654553.1889059853
P-0053,9,15013.693034832746,4.0,1365478.8159083927
P-0053,10,17371.086563619152,4.0,2097945.066658205
P-0054,1,98869.03980154339,3.0,0.0
P-0054,2,101187.37608410408,3.0,0.0
P-0054,3,98970.53466254107,4.0,0.0
P-0054,4,105824.2365227082,4.0,0.0
P-0054,5,87819.46490411164,3.0,0.0
P-0054,6,67710.07228397505,2.0,0.0
P-0054,7,87835.48542808463,3.0,0.0
P-0054,8,98623.2671115862,2.0,0.0
P-0054,9,12611.191131668696,2.0,183078.8230394717
P-0054,10,14793.198910440626,1.0,324357.35432518873
P-0054,11,13375.797520711001,1.0,429990.82313851896
P-0054,12,19408.919102762728,1.0,567832.8829317022
P-0054,13,17339.285643924235,0.0,693844.935443701
P-0054,14,17070.007776687093,1.0,804783.631704459
P-0054,15,16987.67230165359,1.0,748640.8113513701
P-0054,16,15175.780885690298,1.0,886510.9787238007
P-0054,17,15821.51476769252,1.0,1049679.7532244779
P-0054,18,12018.86750469714,2.0,1334177.502454761
P-0055,1,152524.86988479167,10.0,0.0
P-0055,2,134835.12350835896,9.0,0.0
P-0055,3,159217.4667495254,10.0,0.0
P-0055,4,147267.55113035667,10.0,0.0
P-0055,5,130535.86427704991,10.0,0.0
P-0055,6,127657.31232143169,10.0,0.0
P-0055,7,114296.37291618234,10.0,0.0
P-0055,8,147430.98238310168,10.0,0.0
P-0055,9,136399.03262566542,9.0,0.0
P-0055,10,101907.42402213588,10.0,0.0
P-0055,11,133302.60711655457,10.0,0.0
P-0055,12,127057.36746608536,10.0,0.0
P-0055,13,169397.4893740283,9.0,0.0
P-0055,14,113351.30533342522,10.0,0.0
P-0055,15,117820.49154840263,11.0,0.0
P-0055,16,161436.07345207344,10.0,0.0
P-0055,17,8532.413742220846,1.0,173441.78501646777
P-0055,18,5938.06472298219,2.0,707876.019288226
P-0055,19,6077.422432500219,1.0,741123.8470154578
P-0055,20,7618.322609271632,2.0,850298.6324780299
P-0055,21,3985.134572720663,2.0,651750.6600596571
P-0055,22,4560.238800608487,2.0,803130.8012195417
P-0055,23,6511.124111769163,2.0,681666.1750353236
P-0055,24,8770.805955327336,2.0,748207.2128601423
P-0055,25,6319.7996199798845,2.0,727719.1786152453
P-0056,1,66904.07026419032,2.0,0.0
P-0056,2,74103.25855339311,3.0,0.0
P-0056,3,61390.044788195744,3.0,0.0
P-0056,4,51558.1989174425,5.0,0.0
P-0056,5,50968.71824596405,3.0,0.0
P-0056,6,56188.79388271905,3.0,0.0
P-0056,7,4401.6854292633325,3.0,638029.7439787723
P-0056,8,5603.745090817932,3.0,1011205.8255024105
P-0056,9,4530.6398726387215,3.0,1361717.5035442114
P-0056,10,5035.018600911045,3.0,1754821.5626376017
P-0056,11,4961.009267966116,3.0,2280040.5270525217
P-0056,12,5307.112826774299,3.0,2748457.4207884558
P-0056,13,7136.324435020535,3.0,2809722.7953658234
P-0057,1,21785.608887012633,4.0,0.0
P-0057,2,23714.20871911649,4.0,0.0
P-0057,3,22383.515109554806,4.0,0.0
P-0057,4,24244.889134422443,5.0,0.0
P-0057,5,23487.66551964311,5.0,0.0
P-0057,6,25016.51529401759,4.0,0.0
P-0057,7,22064.54013494169,4.0,0.0
P-0057,8,23451.71020851112,4.0,0.0
P-0057,9,20374.12717409738,4.0,0.0
P-0057,10,19626.975552915894,4.0,0.0
P-0057,11,25486.299186348013,5.0,0.0
P-0057,12,21702.578907203253,5.0,0.0
P-0057,13,23196.903504517635,4.0,0.0
P-0057,14,21467.861941328447,3.0,0.0
P-0057,15,12966.610106181746,2.0,1085250.208241572
P-0057,16,14525.770588145077,2.0,1345235.8133676688
P-0057,17,18244.3085777498,2.0,2042403.4235821415
P-0058,1,101318.49173563466,4.0,0.0
P-0058,2,130780.59136102362,3.0,0.0
P-0058,3,83343.56875941607,4.0,0.0
P-0058,4,111570.77979577775,3.0,0.0
P-0058,5,84049.20545553119,3.0,0.0
P-0058,6,103890.88691028628,3.0,0.0
P-0058,7,99780.84733262542,3.0,0.0
P-0058,8,78922.07417997703,4.0,0.0
P-0058,9,110171.89478308772,2.0,0.0
P-0058,10,100457.7330463443,2.0,0.0
P-0058,11,3826.8669166449154,2.0,89895.12245343902
P-0058,12,7080.675476304487,2.0,119762.61962473445
P-0058,13,7739.944021365114,2.0,179460.76059762965
P-0058,14,7800.970806130407,2.0,231579.53367019224
P-0058,15,6548.542664986034,2.0,231605.91111267274
P-0058,16,6202.101930357438,2.0,329845.7320550987
P-0058,17,7621.640282390876,2.0,431378.6914219291
P-0058,18,8013.840076936834,2.0,433201.3856378958
P-0059,1,203783.77291210718,5.0,0.0
P-0059,2,180761.7660880339,4.0,0.0
P-0059,3,187345.16434491982,4.0,0.0
P-0059,4,24290.019168774572,2.0,456265.1934549537
P-0059,5,39679.5415096526,2.0,568460.3376928507
P-0059,6,30992.699615085916,2.0,336203.2503026397
P-0060,1,183772.84762078323,1.0,0.0
P-0060,2,22967.10866742488,0.0,828408.0358953826
P-0060,3,23944.452529097813,0.0,999472.5999157096
P-0060,4,17152.580910567365,0.0,587721.7348084707
P-0061,1,11383.660214646121,2.0,0.0
P-0061,2,12825.47159072562,2.0,0.0
P-0061,3,3917.1618072234014,1.0,1926179.1082387897
P-0062,1,57099.15750862264,2.0,0.0
P-0062,2,50503.765941896134,2.0,0.0
P-0062,3,75493.8918851612,4.0,0.0
P-0062,4,58908.65250452562,3.0,0.0
P-0062,5,17993.68462195045,3.0,719700.3780635709
P-0062,6,16156.192152699372,2.0,1765140.4665781467
P-0062,7,18932.792466348452,2.0,2461468.5177259985
P-0062,8,14970.826298313046,3.0,3446575.7656868217
P-0063,1,79625.4386632818,17.0,0.0
P-0063,2,97262.73418131292,16.0,0.0
P-0063,3,92817.68545327238,16.0,0.0
P-0063,4,88229.85438309626,16.0,0.0
P-0063,5,84735.65410879387,16.0,0.0
P-0063,6,87210.07236268197,17.0,0.0
P-0063,7,74665.94250257585,16.0,0.0
P-0063,8,91846.92413882514,15.0,0.0
P-0063,9,72166.91556204404,16.0,0.0
P-0063,10,91628.72954705881,17.0,0.0
P-0063,11,95134.15143734837,16.0,0.0
P-0063,12,85387.58166409604,17.0,0.0
P-0063,13,81519.26943127213,16.0,0.0
P-0063,14,87280.82859940098,15.0,0.0
P-0063,15,54683.31264739209,16.0,0.0
P-0063,16,86300.9359593372,15.0,0.0
P-0063,17,18018.277584912583,3.0,721777.9623929574
P-0063,18,18225.953172042144,4.0,3622331.4465852594
P-0063,19,20732.79349946036,2.0,3873352.912438218
P-0063,20,18146.026733411818,2.0,3265315.847422514
P-0063,21,14618.528484717579,3.0,3626273.9508904438
P-0063,22,17925.41281862587,3.0,3945033.4933080007
P-0064,1,61312.59689280323,9.0,0.0
P-0064,2,77137.34269884527,11.0,0.0
P-0064,3,85950.65732219505,10.0,0.0
P-0064,4,65161.45648628879,10.0,0.0
P-0064,5,81930.42568233275,10.0,0.0
P-0064,6,79125.00707654377,9.0,0.0
P-0064,7,82947.59511783405,10.0,0.0
P-0064,8,84060.0844402368,11.0,0.0
P-0064,9,69755.82334467607,11.0,0.0
P-0064,10,61331.88687023487,9.0,0.0
P-0064,11,71225.53074320022,10.0,0.0
P-0064,12,19116.478423033604,5.0,78686.82968209933
P-0064,13,14871.39923968765,4.0,86510.86499500625
P-0064,14,14420.41377531976,5.0,144209.7819021421
P-0064,15,11076.550204154708,5.0,175807.61772269532
P-0064,16,21677.88699875537,5.0,228423.50211905982
P-0064,17,18928.378217826223,5.0,337949.27469583694
P-0064,18,18762.809621681823,5.0,398988.2787048709
P-0064,19,19349.61918799388,5.0,629706.6620163432
P-0064,20,18189.768707656927,5.0,672174.6257921865
P-0064,21,15754.374981218343,5.0,912203.3853188022
P-0065,1,39555.13509639496,4.0,0.0
P-0065,2,40941.81253381256,4.0,0.0
P-0065,3,40653.69091410069,5.0,0.0
P-0065,4,40071.653661020515,4.0,0.0
P-0065,5,42851.16272069649,4.0,0.0
P-0065,6,40064.15454107034,4.0,0.0
P-0065,7,35300.47327917165,4.0,0.0
P-0065,8,46820.86818188998,4.0,0.0
P-0065,9,46682.16350927279,4.0,0.0
P-0065,10,47146.108485935285,5.0,0.0
P-0065,11,12638.738576132271,5.0,175802.47620253783
P-0065,12,18430.002634059012,5.0,292914.9914030542
P-0065,13,19616.997417882885,5.0,341390.7726287265
P-0065,14,14242.757050737036,5.0,620441.1290214283
P-0065,15,17517.879765711335,6.0,932189.3411361217
P-0065,16,17122.992422675106,4.0,1138953.3890164476
P-0065,17,23288.13003681922,5.0,1759607.8589690572
P-0065,18,23547.354967579642,4.0,2211671.9286897914
P-0066,1,224456.809081891,11.0,0.0
P-0066,2,238025.17824784978,12.0,0.0
P-0066,3,173456.77496547814,12.0,0.0
P-0066,4,204622.18233523658,12.0,0.0
P-0066,5,194035.24540057147,13.0,0.0
P-0066,6,172080.34250204373,12.0,0.0
P-0066,7,225857.08648037398,13.0,0.0
P-0066,8,162784.95043729074,13.0,0.0
P-0066,9,187391.2779753887,12.0,0.0
P-0066,10,208372.54713802578,12.0,0.0
P-0066,11,200512.15577862246,13.0,0.0
P-0066,12,233325.54951775775,12.0,0.0
P-0066,13,230897.92155202472,12.0,0.0
P-0066,14,246619.62557739802,12.0,0.0
P-0066,15,242839.93354390236,11.0,0.0
P-0066,16,253221.73231855218,11.0,0.0
P-0066,17,58535.582895238986,5.0,794559.9473458646
P-0066,18,61754.357563227284,5.0,1917399.5536409596
P-0066,19,63947.18011013485,6.0,4127503.4357897257
P-0066,20,60048.87081451923,5.0,7674212.721263972
P-0066,21,54369.35720514255,4.0,10701021.985877374
P-0066,22,55051.84380280113,5.0,15392986.957350006
P-0066,23,49938.70099655324,6.0,15535533.544991624
P-0067,1,113326.93824426626,2.0,0.0
P-0067,2,38540.55611047852,0.0,411197.59857972513
P-0067,3,28759.539826277345,0.0,514348.90146977146
P-0068,1,46034.56964344656,3.0,0.0
P-0068,2,68388.66857537336,2.0,0.0
P-0068,3,55609.070983842146,2.0,0.0
P-0068,4,53159.059370513154,1.0,0.0
P-0068,5,69938.25705808334,2.0,0.0
P-0068,6,67291.73207400052,2.0,0.0
P-0068,7,58593.53280330946,3.0,0.0
P-0068,8,56365.18316371226,3.0,0.0
P-0068,9,4806.972185142637,2.0,971241.0982569399
P-0068,10,5125.398781888126,2.0,1491084.7760622639
P-0068,11,6342.227965985519,1.0,2054740.2407381537
P-0069,1,144810.33055721503,11.0,0.0
P-0069,2,124897.27222061271,12.0,0.0
P-0069,3,141857.23645041866,10.0,0.0
P-0069,4,131010.46242964079,11.0,0.0
P-0069,5,145414.6841336221,11.0,0.0
P-0069,6,120794.6470407189,11.0,0.0
P-0069,7,156550.9539355354,11.0,0.0
P-0069,8,114570.3942940048,10.0,0.0
P-0069,9,110467.17587322611,12.0,0.0
P-0069,10,103991.28332903993,11.0,0.0
P-0069,11,155686.73413258715,12.0,0.0
P-0069,12,133619.53591815487,11.0,0.0
P-0069,13,116778.83326382287,12.0,0.0
P-0069,14,139890.81339489366,11.0,0.0
P-0069,15,131696.06654710995,11.0,0.0
P-0069,16,150359.6761545562,11.0,0.0
P-0069,17,99060.10393760995,11.0,0.0
P-0069,18,11535.032954407432,3.0,404047.41815738496
P-0069,19,11105.131671101437,3.0,1151473.405980771
P-0069,20,7810.112520701688,3.0,1558001.9822912638
P-0069,21,14425.634444708296,3.0,1680096.1627643793
P-0069,22,11524.051207449436,4.0,2086407.1043876673
P-0069,23,13726.371258148814,3.0,1922592.76908986
P-0069,24,17259.01516329891,4.0,1749119.7232570658
P-0069,25,11343.406757967641,3.0,1837305.301869456
P-0069,26,11195.333607279466,3.0,1864671.5294946262
P-0069,27,12372.380599998434,2.0,1972335.0412240569
P-0069,28,14266.287118663291,3.0,1660296.1791566054
P-0069,29,10877.946488865378,3.0,1737384.2412255295
P-0070,1,26991.21299472992,2.0,0.0
P-0070,2,29377.04814425295,3.0,0.0
P-0070,3,1803.4691645065186,2.0,210659.08755099523
P-0070,4,2102.3572504892113,1.0,328604.9763116577
P-0070,5,2115.4221966430937,1.0,424681.2840506529
P-0071,1,83724.49671068514,9.0,0.0
P-0071,2,88294.42533934036,8.0,0.0
P-0071,3,68753.87392322878,9.0,0.0
P-0071,4,76554.66795659493,8.0,0.0
P-0071,5,60769.74630657524,8.0,0.0
P-0071,6,65060.31552313203,8.0,0.0
P-0071,7,20669.952231388335,5.0,51206.15205765072
P-0071,8,15929.568398327174,5.0,71408.67493460872
P-0071,9,13918.827662937256,6.0,125581.22798408233
P-0071,10,18107.740009866087,5.0,212354.6091817993
P-0071,11,15754.294955141948,5.0,284567.0658365684
P-0071,12,15915.779785811032,5.0,471458.09947115375
P-0071,13,19703.67595212086,4.0,569156.6853393118
P-0072,1,136135.0549934199,15.0,0.0
P-0072,2,133297.37169543907,14.0,0.0
P-0072,3,125805.68386058802,14.0,0.0
P-0072,4,146153.55491435516,14.0,0.0
P-0072,5,115499.87649326595,14.0,0.0
P-0072,6,161180.3818703562,13.0,0.0
P-0072,7,114956.93479252291,14.0,0.0
P-0072,8,121802.93430400491,14.0,0.0
P-0072,9,112542.46168812775,15.0,0.0
P-0072,10,123464.1094037737,15.0,0.0
P-0072,11,130034.50343084424,14.0,0.0
P-0072,12,116568.20061260193,14.0,0.0
P-0072,13,143381.30257968133,14.0,0.0
P-0072,14,121575.39650557315,14.0,0.0
P-0072,15,122019.80673441266,14.0,0.0
P-0072,16,105292.31604251808,14.0,0.0
P-0072,17,124118.94459940559,13.0,0.0
P-0072,18,116282.98780232442,14.0,0.0
P-0072,19,109557.68122295005,14.0,0.0
P-0072,20,107171.76821572188,14.0,0.0
P-0072,21,156074.85673659272,14.0,0.0
P-0072,22,114447.12072044886,14.0,0.0
P-0072,23,97520.7254694985,14.0,0.0
P-0072,24,108281.55561983288,14.0,0.0
P-0072,25,117452.43105790726,14.0,0.0
P-0072,26,21714.024446655472,4.0,279820.4087012826
P-0072,27,21742.952254957658,4.0,1360360.4100194173
P-0072,28,22176.427049486225,4.0,1390072.1655970206
P-0072,29,17474.117855315275,4.0,1293387.4656869734
P-0072,30,20980.19195646216,4.0,1369457.5270296722
P-0072,31,16651.42348701231,4.0,1107661.449119474
P-0072,32,17563.850665569902,4.0,1378356.996728039
P-0072,33,16503.21871838494,4.0,1307601.7643715243
P-0073,1,149455.75587565944,1.0,0.0
P-0073,2,126967.98445556754,1.0,0.0
P-0073,3,145869.04398612003,0.0,0.0
P-0073,4,38826.662393727274,0.0,364850.7759090828
P-0073,5,24970.851444821044,0.0,360348.51073485514
P-0074,1,45196.461059021145,5.0,0.0
P-0074,2,50055.595360652995,5.0,0.0
P-0074,3,44218.65256731196,5.0,0.0
P-0074,4,46232.49921850075,5.0,0.0
P-0074,5,15199.63848602916,1.0,421013.0128666193
P-0074,6,10492.630479013016,1.0,955750.7071213594
P-0074,7,10000.567722204205,1.0,1612322.1892213388
P-0074,8,15656.928704887183,0.0,2318534.703791102
P-0075,1,136895.6767839208,9.0,0.0
P-0075,2,144512.3190842256,7.0,0.0
P-0075,3,123973.76454988202,9.0,0.0
P-0075,4,148331.4536421175,7.0,0.0
P-0075,5,170269.7973744538,8.0,0.0
P-0075,6,134275.65083412093,8.0,0.0
P-0075,7,149437.85131108592,8.0,0.0
P-0075,8,95600.38850057629,8.0,0.0
P-0075,9,142006.22306596054,7.0,0.0
P-0075,10,137313.2079520325,7.0,0.0
P-0075,11,128659.44581639397,9.0,0.0
P-0075,12,161187.9367616553,8.0,0.0
P-0075,13,137087.19046937884,9.0,0.0
P-0075,14,139634.17577016383,8.0,0.0
P-0075,15,17759.959440682447,2.0,1043275.0929763828
P-0075,16,12479.59503480648,3.0,4695164.897903505
P-0075,17,15171.283457173151,3.0,5427061.341715034
P-0075,18,22349.810124190273,3.0,4623085.129206903
P-0075,19,11817.210805643495,3.0,5310923.290367995
P-0075,20,16425.40645619429,4.0,4379984.541910143
P-0075,21,17682.699145405877,3.0,5336146.16757022
P-0076,1,51275.011047950735,10.0,0.0
P-0076,2,45560.837080041645,10.0,0.0
P-0076,3,42726.954090332496,10.0,0.0
P-0076,4,52792.23878798462,10.0,0.0
P-0076,5,50777.3442465747,11.0,0.0
P-0076,6,37506.82542666132,11.0,0.0
P-0076,7,44716.52251386792,11.0,0.0
P-0076,8,47385.34449284298,12.0,0.0
P-0076,9,50804.8790627941,10.0,0.0
P-0076,10,51536.78506134913,10.0,0.0
P-0076,11,29051.999040931445,3.0,439668.6145719731
P-0076,12,30551.20813081563,3.0,549242.4900869976
P-0076,13,27958.621767931596,3.0,806243.481469294
P-0076,14,24287.043367827788,3.0,1262749.4111575668
P-0076,15,26339.71306080231,3.0,2012528.1933758913
P-0076,16,27734.01708950673,3.0,2531807.274843904
P-0076,17,27467.000437511208,3.0,3296740.481968029
P-0076,18,18258.58967038566,3.0,4856061.223031656
P-0077,1,114173.71756089912,17.0,0.0
P-0077,2,109046.02339608832,17.0,0.0
P-0077,3,91752.5320909382,17.0,0.0
P-0077,4,92549.8331166223,17.0,0.0
P-0077,5,104608.64290563345,17.0,0.0
P-0077,6,112378.67831515867,15.0,0.0
P-0077,7,104279.79722192505,17.0,0.0
P-0077,8,120930.09162087116,17.0,0.0
P-0077,9,108721.28492646835,16.0,0.0
P-0077,10,99463.88169446886,17.0,0.0
P-0077,11,108736.46609129742,17.0,0.0
P-0077,12,115539.29613728527,16.0,0.0
P-0077,13,116876.01853603018,17.0,0.0
P-0077,14,137846.41229781052,16.0,0.0
P-0077,15,9710.035702802134,3.0,262459.96537941444
P-0077,16,10893.189320007641,2.0,1237314.368846061
P-0077,17,11885.92727378733,3.0,1344230.579739065
P-0077,18,10992.652763009683,3.0,1315356.0405283566
P-0077,19,10044.439592559876,3.0,1502660.9177111508
P-0078,1,84677.9007452179,3.0,0.0
P-0078,2,113550.97672672826,3.0,0.0
P-0078,3,8847.373918808866,2.0,265401.728989466
P-0078,4,7574.48655366189,3.0,576664.4419130257
P-0078,5,9568.434178580885,2.0,788101.8569591482
P-0078,6,9652.863156413772,2.0,1040441.5464596965
P-0078,7,11064.503388859697,1.0,1424430.3279301312
P-0079,1,142873.27806674765,2.0,0.0
P-0079,2,136363.32355307214,2.0,0.0
P-0079,3,173788.22831316345,1.0,0.0
P-0079,4,65619.15968509077,1.0,1949159.891115644
P-0079,5,48767.84592782821,1.0,2501389.7174252965
P-0080,1,41906.33486008317,18.0,0.0
P-0080,2,39310.52721750287,16.0,0.0
P-0080,3,46276.497505620035,17.0,0.0
P-0080,4,46705.03567696123,16.0,0.0
P-0080,5,48387.404504070975,17.0,0.0
P-0080,6,46201.21304206322,17.0,0.0
P-0080,7,47240.036157918905,17.0,0.0
P-0080,8,45491.54248296648,16.0,0.0
P-0080,9,43146.37750598561,16.0,0.0
P-0080,10,42263.16641887414,16.0,0.0
P-0080,11,40623.54404443564,17.0,0.0
P-0080,12,35730.75675149257,18.0,0.0
P-0080,13,37020.58662385555,18.0,0.0
P-0080,14,40398.97875933954,16.0,0.0
P-0080,15,43025.569274883404,18.0,0.0
P-0080,16,49043.58169869568,18.0,0.0
P-0080,17,12011.080634796299,2.0,944099.6682124407
P-0080,18,14288.087310285508,3.0,4110140.476710389
P-0080,19,14453.294539335322,3.0,4319987.474020053
P-0080,20,11597.951124939787,3.0,4352739.694658122
P-0080,21,13397.594424752653,2.0,3824740.1468499587
P-0080,22,11571.633541240584,3.0,4341004.975634131
P-0080,23,14982.250159223355,2.0,3705556.7655059793
P-0080,24,13487.241720869606,3.0,3961869.3339264034
P-0080,25,9508.800760034661,3.0,4529521.466453732
P-0081,1,62094.56343819568,8.0,0.0
P-0081,2,53571.884086760205,8.0,0.0
P-0081,3,61596.041263067746,7.0,0.0
P-0081,4,50362.032683485,7.0,0.0
P-0081,5,57001.04528847605,9.0,0.0
P-0081,6,58172.853750840106,8.0,0.0
P-0081,7,54783.511878108555,7.0,0.0
P-0081,8,58524.77242072608,7.0,0.0
P-0081,9,6617.094205983624,1.0,200381.64746193564
P-0081,10,6138.357371411506,2.0,399447.84964749624
P-0081,11,8958.942985675712,1.0,446094.56720244506
P-0081,12,8262.68575129503,2.0,713324.0453672983
P-0081,13,5998.48178107788,1.0,795247.4332090245
P-0081,14,7661.537113911512,1.0,942997.6383207038
P-0081,15,6021.233557204974,0.0,1143086.664510391
P-0082,1,76667.39187686474,3.0,0.0
P-0082,2,62082.88859935785,4.0,0.0
P-0082,3,61048.77117235241,5.0,0.0
P-0082,4,63784.47164428349,4.0,0.0
P-0082,5,76503.4859541625,4.0,0.0
P-0082,6,8842.666713225475,3.0,524239.38901404117
P-0082,7,11236.507821153324,3.0,633191.6588665385
P-0082,8,9279.717070031435,3.0,834214.5455228207
P-0082,9,9772.69347969512,2.0,937536.7228535353
P-0082,10,10743.249385124269,3.0,1457681.338695394
P-0082,11,13468.909638434112,3.0,1648267.68219874
P-0082,12,14354.10621291207,3.0,2086477.0151065483
P-0082,13,11714.425849892044,2.0,1748211.1131154732
P-0082,14,10105.197776755202,3.0,2440322.278989674
P-0083,1,88781.04349443283,2.0,0.0
P-0083,2,78224.784129274,1.0,0.0
P-0083,3,97957.05741816491,3.0,0.0
P-0083,4,79267.03439329467,3.0,0.0
P-0083,5,6679.450583124939,1.0,55946.395065233264
P-0083,6,9785.845076234631,1.0,91560.7403391796
P-0083,7,8925.728051094908,1.0,144373.49296824334
P-0083,8,9064.342580904522,1.0,213482.1076982585
P-0083,9,9733.413121864109,1.0,242766.11503826524
P-0083,10,7073.743873253889,1.0,253080.3099133083
P-0084,1,64586.42967943693,10.0,0.0
P-0084,2,58926.60503245135,11.0,0.0
P-0084,3,75636.38242058994,10.0,0.0
P-0084,4,78770.79569894605,11.0,0.0
P-0084,5,79117.39922576508,10.0,0.0
P-0084,6,79478.80787683341,10.0,0.0
P-0084,7,57156.7099084444,10.0,0.0
P-0084,8,62260.67574723062,10.0,0.0
P-0084,9,92037.09434622603,11.0,0.0
P-0084,10,65062.887730742834,9.0,0.0
P-0084,11,22884.499232270897,4.0,143775.1063400246
P-0084,12,18068.231876419854,4.0,153043.10930524845
P-0084,13,20913.24743284584,4.0,264409.0648884409
P-0084,14,18267.45976463563,4.0,483198.1276092063
P-0084,15,22701.53938360659,4.0,665233.0472070937
P-0084,16,21125.15992075606,4.0,908282.1723911597
P-0084,17,18953.892799789566,3.0,1166866.6063000904
P-0084,18,16720.209660512653,4.0,1308206.8062242924
P-0085,1,100626.00369516561,17.0,0.0
P-0085,2,89100.69352339469,17.0,0.0
P-0085,3,105954.32797758003,17.0,0.0
P-0085,4,131097.44249502767,17.0,0.0
P-0085,5,93333.81852031926,17.0,0.0
P-0085,6,98561.82170714528,17.0,0.0
P-0085,7,92496.3549741113,17.0,0.0
P-0085,8,92005.9734951886,17.0,0.0
P-0085,9,115841.77374752519,17.0,0.0
P-0085,10,89836.95786059093,17.0,0.0
P-0085,11,92169.4482463574,17.0,0.0
P-0085,12,79111.8963604078,17.0,0.0
P-0085,13,88844.33332168113,17.0,0.0
P-0085,14,77693.95777797021,16.0,0.0
P-0085,15,105138.7250970321,17.0,0.0
P-0085,16,130562.70129782136,17.0,0.0
P-0085,17,93429.00226968761,17.0,0.0
P-0085,18,78182.31418309966,17.0,0.0
P-0085,19,108283.98361040687,17.0,0.0
P-0085,20,89204.21260096208,17.0,0.0
P-0085,21,23342.43191000232,3.0,417092.46625881153
P-0085,22,17957.50321504311,3.0,1895226.8689769085
P-0085,23,16766.40372472186,3.0,2176922.476896761
P-0085,24,18311.88925069251,4.0,1808320.4258296993
P-0085,25,21498.267848675616,3.0,2034942.1319601196
P-0085,26,18143.456736470867,3.0,2238085.055618688
P-0085,27,17226.417875980434,3.0,2161058.7954947157
P-0086,1,118993.50127244115,3.0,0.0
P-0086,2,124807.37417550552,3.0,0.0
P-0086,3,87450.28569068032,4.0,0.0
P-0086,4,98339.24750453598,2.0,0.0
P-0086,5,5542.489383468915,0.0,67879.99348146732
P-0086,6,7263.798766388772,0.0,126536.55918739407
P-0086,7,5012.324792287726,0.0,155764.98468450244
P-0086,8,5028.15070470171,0.0,211430.77821517028
P-0086,9,7033.6102386424745,0.0,301195.77528369473
P-0086,10,5129.2299713629955,0.0,332232.6929967591
P-0086,11,6215.308356017249,0.0,375056.58483673696
P-0087,1,69905.3008799778,4.0,0.0
P-0087,2,65163.344370739,4.0,0.0
P-0087,3,65195.907479717214,4.0,0.0
P-0087,4,54844.19827898404,4.0,0.0
P-0087,5,56044.341435430084,5.0,0.0
P-0087,6,79714.46362914755,4.0,0.0
P-0087,7,62052.644494543914,4.0,0.0
P-0087,8,57510.67157601088,4.0,0.0
P-0087,9,74294.4385152611,5.0,0.0
P-0087,10,65549.85442567972,4.0,0.0
P-0087,11,67804.65899650053,5.0,0.0
P-0087,12,62355.30749800088,5.0,0.0
P-0087,13,6346.566777152785,3.0,249397.4895619198
P-0087,14,6527.244655299899,3.0,372924.898732071
P-0087,15,5057.028558784857,3.0,408839.8010464281
P-0087,16,6626.20697984881,3.0,396268.2355912819
P-0088,1,35224.68849879047,2.0,0.0
P-0088,2,33065.47648755553,2.0,0.0
P-0088,3,28931.988720418893,3.0,0.0
P-0088,4,31055.323824791663,3.0,0.0
P-0088,5,28197.452291633523,3.0,0.0
P-0088,6,27932.95506431594,2.0,0.0
P-0088,7,34586.77343963577,3.0,0.0
P-0088,8,28548.787794454813,2.0,0.0
P-0088,9,34261.32065766587,4.0,0.0
P-0088,10,4050.880438630727,1.0,245333.90461728178
P-0088,11,5572.870840800583,2.0,262206.39102902776
P-0088,12,4825.243525010506,2.0,336396.6615438657
P-0088,13,6630.158493631239,3.0,360042.43815632834
P-0088,14,5598.903120753925,2.0,431748.58566754725
P-0089,1,88601.39263584319,13.0,0.0
P-0089,2,67121.27530223344,12.0,0.0
P-0089,3,67000.26947757012,12.0,0.0
P-0089,4,73591.24066267486,12.0,0.0
P-0089,5,70670.77237758684,12.0,0.0
P-0089,6,88263.20382196603,11.0,0.0
P-0089,7,84340.34636123649,12.0,0.0
P-0089,8,91603.27921063582,11.0,0.0
P-0089,9,84779.08123509795,13.0,0.0
P-0089,10,82954.9121255824,11.0,0.0
P-0089,11,92579.72308454468,11.0,0.0
P-0089,12,85490.35180935933,11.0,0.0
P-0089,13,81589.9833488056,11.0,0.0
P-0089,14,95305.94872372503,13.0,0.0
P-0089,15,82047.19693043083,13.0,0.0
P-0089,16,77973.04125449932,12.0,0.0
P-0089,17,72792.15912083547,11.0,0.0
P-0089,18,87756.01133813239,11.0,0.0
P-0089,19,92942.16123518061,12.0,0.0
P-0089,20,6022.182748355285,2.0,536242.8338751108
P-0089,21,7508.322768239281,2.0,1847583.3402187652
P-0089,22,3922.4169296034024,2.0,2711114.2972998316
P-0089,23,6016.859596596844,2.0,2665454.279991158
P-0089,24,6033.661050582529,2.0,3153822.765666389
P-0089,25,5282.224536532357,2.0,3160840.6082335017
P-0089,26,8685.357717429237,2.0,2972823.395396973
P-0089,27,6005.111340888635,2.0,2750813.1822605855
P-0089,28,5631.484277025751,2.0,2800062.5287015666
P-0089,29,6105.924407692847,2.0,2671101.0273568956
P-0090,1,112112.89112987924,21.0,0.0
P-0090,2,95458.19275490392,21.0,0.0
P-0090,3,120984.48378513762,21.0,0.0
P-0090,4,110736.2086506589,21.0,0.0
P-0090,5,109397.15494814282,21.0,0.0
P-0090,6,114879.81393307229,21.0,0.0
P-0090,7,128072.43927759345,21.0,0.0
P-0090,8,108308.20590366775,21.0,0.0
P-0090,9,104691.3170154539,20.0,0.0
P-0090,10,125345.59180230905,21.0,0.0
P-0090,11,118453.41444288197,21.0,0.0
P-0090,12,102043.05897621466,20.0,0.0
P-0090,13,106197.020218455,21.0,0.0
P-0090,14,108619.28294795865,22.0,0.0
P-0090,15,110738.91400663057,20.0,0.0
P-0090,16,88853.69658636978,21.0,0.0
P-0090,17,86486.32110499781,20.0,0.0
P-0090,18,42443.196880504045,5.0,281095.3368315698
P-0090,19,41739.94112882173,5.0,429899.6181409484
P-0090,20,44657.711331182756,5.0,623484.0643785038
P-0090,21,56282.213019430616,5.0,914968.6912471268
P-0090,22,48975.479369999826,5.0,1151447.3015809127
P-0090,23,52297.02146528683,5.0,1652869.1508449512
P-0090,24,39379.9633345918,5.0,2342660.449919362
P-0090,25,46314.11756162391,4.0,2965565.313917941
P-0090,26,55850.768124668386,5.0,3474756.403246345
P-0090,27,55920.729602591506,5.0,4160064.403363491
P-0090,28,43923.52994061841,5.0,4731813.89384841
P-0090,29,51981.23437872336,6.0,5455735.932611119
P-0090,30,70503.42757021748,6.0,5336786.313135478
P-0090,31,50351.39053221033,5.0,5762129.210598005
P-0090,32,44208.90105793326,5.0,5477465.069336755
P-0091,1,72881.97636070558,5.0,0.0
P-0091,2,4932.713738423849,1.0,98678.01106959472
P-0091,3,5713.932997724601,1.0,353477.6018855509
P-0091,4,5693.878523876141,1.0,592116.9177230019
P-0092,1,269683.1771281672,3.0,0.0
P-0092,2,237458.60060042073,2.0,0.0
P-0092,3,283210.4842226228,2.0,0.0
P-0092,4,24763.951663101823,0.0,1211461.7980353695
P-0092,5,30736.52637538326,0.0,1466327.9189057474
P-0093,1,68961.1960347213,16.0,0.0
P-0093,2,62477.487028865835,15.0,0.0
P-0093,3,79416.73360660889,15.0,0.0
P-0093,4,64267.24526081032,14.0,0.0
P-0093,5,73748.2552758992,16.0,0.0
P-0093,6,70171.82768638733,16.0,0.0
P-0093,7,61835.92972065947,15.0,0.0
P-0093,8,65604.2383359843,15.0,0.0
P-0093,9,82522.69164079404,15.0,0.0
P-0093,10,72490.27565010503,15.0,0.0
P-0093,11,62206.515708695195,15.0,0.0
P-0093,12,73370.78284342206,15.0,0.0
P-0093,13,69536.54580487254,15.0,0.0
P-0093,14,100113.80429596355,16.0,0.0
P-0093,15,73199.1803330448,16.0,0.0
P-0093,16,67544.77406152485,15.0,0.0
P-0093,17,82838.26613096427,15.0,0.0
P-0093,18,8549.635421048491,4.0,1071149.128067426
P-0093,19,13004.206591013988,4.0,5412655.306701146
P-0093,20,17377.648173871625,4.0,5830107.498010182
P-0093,21,12519.658179969321,4.0,6272990.413560955
P-0093,22,8797.607210767836,4.0,6143446.647461167
P-0093,23,11875.835255677053,4.0,5873087.751870917
P-0093,24,16134.947017452247,4.0,5062725.277367856
P-0093,25,13652.703674965254,4.0,5064408.0750207305
P-0094,1,86588.65137814527,12.0,0.0
P-0094,2,77325.46101374071,12.0,0.0
P-0094,3,75824.18917680773,12.0,0.0
P-0094,4,73789.7259607992,11.0,0.0
P-0094,5,60707.3830792891,12.0,0.0
P-0094,6,79597.42219917667,12.0,0.0
P-0094,7,62034.037207448964,12.0,0.0
P-0094,8,71363.07250085547,11.0,0.0
P-0094,9,55439.41393147534,12.0,0.0
P-0094,10,52114.437664127836,13.0,0.0
P-0094,11,24411.909881571002,4.0,262919.7959040503
P-0094,12,19726.436173423885,3.0,322120.23014436103
P-0094,13,14822.031567773147,5.0,433628.9976256993
P-0094,14,25335.872411614153,4.0,698283.3390165515
P-0094,15,31900.209522314915,4.0,1072255.1648392044
P-0094,16,28864.141056253487,4.0,1564342.0289499532
P-0094,17,22019.658643206723,4.0,2027243.9639218922
P-0094,18,23125.842056470345,4.0,2674406.696762845
P-0095,1,51461.359392367944,5.0,0.0
P-0095,2,47965.368967976836,5.0,0.0
P-0095,3,42921.03054849199,5.0,0.0
P-0095,4,41773.7643498707,6.0,0.0
P-0095,5,43474.33734989724,5.0,0.0
P-0095,6,49060.62811180715,6.0,0.0
P-0095,7,47632.2525895446,6.0,0.0
P-0095,8,49021.700296402916,5.0,0.0
P-0095,9,50658.701230539016,4.0,0.0
P-0095,10,44189.507349659405,6.0,0.0
P-0095,11,56191.53882297838,6.0,0.0
P-0095,12,46251.66249123528,5.0,0.0
P-0095,13,45301.376534895826,5.0,0.0
P-0095,14,14010.175212924789,1.0,618552.9495818403
P-0095,15,8629.509659110216,1.0,987640.1545030546
P-0096,1,48023.571183278305,1.0,0.0
P-0096,2,41179.71765896331,1.0,0.0
P-0096,3,37496.257115812004,1.0,0.0
P-0096,4,5374.95133694317,1.0,142330.7516892434
P-0096,5,4519.886836207103,1.0,237518.04577342529
P-0096,6,4401.885909305478,0.0,257980.87386079
P-0096,7,3908.602944119691,1.0,302313.10772644076
P-0096,8,5921.026107850194,1.0,405590.8139933832
P-0097,1,66080.4203375317,2.0,0.0
P-0097,2,67677.8241549156,2.0,0.0
P-0097,3,65511.43472892584,2.0,0.0
P-0097,4,65322.63243426279,3.0,0.0
P-0097,5,70573.67527646878,2.0,0.0
P-0097,6,61461.44893094263,2.0,0.0
P-0097,7,58261.82166028312,3.0,0.0
P-0097,8,89590.82345003751,2.0,0.0
P-0097,9,60090.60843513783,2.0,0.0
P-0097,10,66527.64330085799,2.0,0.0
P-0097,11,53939.11864808317,2.0,0.0
P-0097,12,66656.42734926815,2.0,0.0
P-0097,13,58375.89584688835,3.0,0.0
P-0097,14,62247.20744980955,2.0,0.0
P-0097,15,8687.553586320402,0.0,322273.95285884675
P-0097,16,7933.314333101323,1.0,645982.3039548761
P-0097,17,8060.193286456685,1.0,679351.6055485053
P-0098,1,29039.169118073434,5.0,0.0
P-0098,2,34037.722808834136,4.0,0.0
P-0098,3,27759.54398605854,4.0,0.0
P-0098,4,29526.85356839354,4.0,0.0
P-0098,5,8406.853876526067,2.0,748587.6498635949
P-0098,6,11196.922047146136,2.0,1273079.9103450046
P-0098,7,9085.873077909364,1.0,1804531.01622163
P-0098,8,8936.705243504553,2.0,2044563.3634797097
P-0098,9,13140.359843075788,2.0,3298283.040419941
P-0098,10,10337.006506158426,2.0,3774806.7905278923
P-0099,1,56568.21636178469,8.0,0.0
P-0099,2,57258.80525189541,9.0,0.0
P-0099,3,63620.19611244186,9.0,0.0
P-0099,4,47687.29507573773,8.0,0.0
P-0099,5,25490.56501609714,7.0,616568.114350476
P-0099,6,20449.038582413945,6.0,1126716.0383153858
P-0099,7,24364.09778178506,6.0,2391692.3234916013
P-0099,8,15966.425867575881,6.0,4336047.076911691
P-0099,9,16509.034934209565,6.0,6870679.1450835345
P-0100,1,51094.77612517939,2.0,0.0
P-0100,2,6960.705446440248,1.0,603991.2426305048
P-0100,3,7811.583849259062,3.0,1690007.259681514
P-0100,4,6794.316552106625,2.0,2828912.531668294
